{
  "Total" : {
    "transaction" : "Total",
    "sampleCount" : 1000,
    "errorCount" : 0,
    "errorPct" : 0.0,
    "meanResTime" : 5891.960000000005,
    "medianResTime" : 6083.0,
    "minResTime" : 1073.0,
    "maxResTime" : 10989.0,
    "pct1ResTime" : 9335.2,
    "pct2ResTime" : 9918.85,
    "pct3ResTime" : 10336.98,
    "throughput" : 64.45375443119562,
    "receivedKBytesPerSec" : 1134.1091282629714,
    "sentKBytesPerSec" : 8.497321140831453
  },
  "loginPage" : {
    "transaction" : "loginPage",
    "sampleCount" : 1000,
    "errorCount" : 0,
    "errorPct" : 0.0,
    "meanResTime" : 5891.960000000005,
    "medianResTime" : 6083.0,
    "minResTime" : 1073.0,
    "maxResTime" : 10989.0,
    "pct1ResTime" : 9335.2,
    "pct2ResTime" : 9918.85,
    "pct3ResTime" : 10336.98,
    "throughput" : 64.45375443119562,
    "receivedKBytesPerSec" : 1134.1091282629714,
    "sentKBytesPerSec" : 8.497321140831453
  }
}